loss;acc
14.3276163737;0.111111113181
14.3028423521;0.111111113181
